夫	夫 夫婦 工夫
婦	夫婦 主婦 婦人
妻	妻 夫妻 妻子
彼	彼 彼女 彼ら
娘	娘 一人娘 娘婿
君	君 諸君 君主
王	王 王子 国王
老	老人 老後 老化
若	若い 若者 若手
才	才能 天才 多才
感	感じ 感動 感謝
情	感情 事情 情報
愛	愛 愛情 愛する
幸	幸せ 幸福 不幸
喜	喜ぶ 喜び 大喜び
笑	笑う 笑顔 苦笑
望	望む 希望 失望
願	願う お願い 願望
夢	夢 夢中 悪夢
欲	欲しい 食欲 意欲
悲	悲しい 悲しみ 悲劇
苦	苦しい 苦手 苦労
痛	痛い 頭痛 痛み
怒	怒る 怒り 怒鳴る
恥	恥 恥ずかしい 恥じる
怖	怖い 怖がる 恐怖
恐	恐れる 恐怖 恐らく
困	困る 困難 貧困
疑	疑う 疑問 疑い
迷	迷う 迷子 迷惑
覚	覚える 感覚 自覚
忘	忘れる 忘れ物 忘年会
想	想像 感想 思想
念	残念 記念 念願
慣	慣れる 習慣 慣習
寝	寝る 寝室 寝坊
眠	眠る 眠い 睡眠
疲	疲れる 疲れ 疲労
息	息 息子 休息
吸	吸う 呼吸 吸収
歯	歯 歯医者 歯車
腹	お腹 空腹 腹痛
背	背 背中 背景
髪	髪 前髪 白髪
靴	靴 靴下 靴屋
宅	自宅 宅配 帰宅
居	居る 居間 居酒屋
宿	宿 宿題 宿泊
客	客 お客様 乗客
招	招く 招待 招き
庭	庭 家庭 中庭
窓	窓 窓口 車窓
箱	箱 本箱 ごみ箱
座	座る 座席 口座
席	席 出席 欠席
昨	昨日 昨年 昨夜
晩	今晩 晩ご飯 一晩
昔	昔 昔話 大昔
暮	暮らす 暮らし 日暮れ
歳	何歳 歳月 万歳
礼	お礼 失礼 礼儀
辞	辞書 辞める 辞典
訪	訪れる 訪問 来訪
迎	迎える 歓迎 送迎
寄	寄る 寄せる 年寄り
婚	結婚 離婚 新婚
祖	祖父 祖母 祖先
御	御飯 御社 御所
神	神 神社 神話
福	幸福 福祉 福
米	米 米国 北米
酒	酒 日本酒 酒屋
杯	一杯 乾杯 杯
冷	冷たい 冷える 冷房
熱	熱 熱い 熱心
雪	雪 大雪 雪国
晴	晴れる 晴れ 晴天
陽	太陽 陽気 夕陽
候	天候 気候 候補
吹	吹く 吹雪 息吹
葉	葉 言葉 葉書
草	草 草花 草木
石	石 石油 宝石
景	景色 風景 景気
園	公園 動物園 庭園
猫	猫 子猫 猫背
馬	馬 馬車 競馬
鳴	鳴く 鳴る 鳴らす
飛	飛ぶ 飛行機 飛行
泳	泳ぐ 水泳 泳ぎ
路	道路 線路 通路
途	途中 用途 途上
港	港 空港 開港
船	船 船長 船旅
渡	渡る 渡す 渡し
遊	遊ぶ 遊び 遊園地
登	登る 登山 登場
越	越える 越す 引っ越す
到	到着 到達 到来
遅	遅れる 遅い 遅刻
向	向く 向こう 方向
横	横 横断 横顔
側	側 右側 内側
位	位置 地位 単位
置	置く 位置 放置
内	内 内容 案内
両	両親 両方 両側
面	面 面白い 表面
列	列 列車 行列
段	階段 手段 値段
流	流れる 流す 交流
浮	浮く 浮かぶ 浮かべる
深	深い 深夜 深刻
落	落ちる 落とす 落ち着く
散	散歩 散る 散らかる
押	押す 押さえる 押し入れ
抜	抜く 抜ける 抜群
折	折る 折れる 折り紙
掛	掛ける 掛かる 心掛ける
取	取る 受け取る 取り消す
受	受ける 受け取る 受付
返	返す 返事 返る
戻	戻る 戻す 取り戻す
払	払う 支払う 支払い
続	続く 続ける 連続
追	追う 追い付く 追加
逃	逃げる 逃す 逃走
退	退院 退職 引退
留	留学 留守 停留所
初	初めて 最初 初心者
末	週末 年末 月末
未	未来 未満 未定
完	完成 完全 完了
絶	絶対 絶望 気絶
次	次 次回 目次
番	番号 一番 順番
常	日常 非常 常識
数	数字 人数 数学
幾	幾つ 幾ら 幾分
部	部屋 部分 全部
全	全部 全体 安全
組	組 番組 組み立てる
束	束 約束 花束
類	種類 書類 人類
形	形 人形 形式
式	式 公式 結婚式
格	性格 合格 価格
差	差 差別 時差
似	似る 似合う 真似
化	文化 変化 化学
変	変 変わる 大変
増	増える 増やす 増加
加	加える 参加 加工
成	成功 成長 完成
果	果物 結果 効果
実	実は 事実 実際
得	得意 納得 得る
達	友達 達する 上達
満	満足 満員 不満
値	値段 価値 値上げ
良	良い 良好 不良
美	美しい 美術 美人
優	優しい 優勝 俳優
適	適当 適切 快適
要	必要 重要 要求
必	必ず 必要 必死
能	能力 可能 性能
難	難しい 困難 非難
易	易しい 容易 貿易
確	確か 確認 正確
定	予定 決定 安定
決	決める 決まる 解決
判	判断 判定 評判
認	認める 確認 承認
現	現在 現れる 現実
解	分解 理解 解決
識	知識 意識 常識
察	警察 観察 診察
観	観光 観客 観察
科	科学 教科書 外科
術	技術 美術 手術
精	精神 精一杯 精神科
機	機械 機会 飛行機
具	道具 具体的 家具
育	育つ 育てる 教育
師	教師 医師 講師
徒	生徒 徒歩 教徒
勤	通勤 勤務 勤める
努	努力 努める 努めて
職	職業 就職 退職
務	事務 事務所 勤務
任	責任 任せる 担任
責	責任 責める 無責任
役	役 役所 役立つ
助	助ける 助かる 助手
支	支える 支払う 支店
共	共通 共同 共に
供	子供 供給 提供
係	関係 係 係員
議	会議 議論 不思議
論	議論 結論 論文
談	相談 冗談 会談
参	参加 参考 参る
賛	賛成 賛否 絶賛
連	連絡 連続 連休
関	関係 関心 玄関
伝	伝える 手伝う 伝統
報	情報 天気予報 報告
告	告げる 報告 広告
記	日記 記事 記録
示	示す 指示 表示
指	指 指す 指導
表	表 発表 表現
申	申す 申し込む 申請
求	求める 要求 請求
頼	頼む 頼る 信頼
呼	呼ぶ 呼吸 呼び出す
許	許す 許可 免許
予	予定 予約 予報
期	期間 学期 期待
約	約束 予約 約
選	選ぶ 選手 選挙
商	商品 商店 商売
財	財産 財布 財政
資	資料 資源 資格
費	費用 生活費 交通費
給	給料 給食 供給
経	経験 経済 経営
済	済む 済ませる 経済
富	豊富 富 富む
貧	貧しい 貧乏 貧困
収	収入 収集 回収
政	政治 政府 政党
官	警官 官庁 長官
法	方法 法律 文法
制	制度 制限 体制
権	権利 権力 人権
規	規則 規模 定規
限	限る 制限 限界
守	守る 留守 守備
備	準備 設備 備える
危	危ない 危険 危機
険	危険 保険 冒険
警	警察 警官 警告
害	被害 害 災害
罪	罪 犯罪 無罪
犯	犯人 犯罪 犯す
誤	誤る 誤解 誤り
違	違う 間違い 間違える
盗	盗む 強盗 盗難
戦	戦争 戦う 挑戦
争	争う 戦争 競争
殺	殺す 殺人 自殺
亡	亡くなる 死亡 亡命
失	失う 失敗 失礼
勝	勝つ 勝手 優勝
敗	失敗 敗れる 敗北
負	負ける 負担 勝負
反	反対 違反 反省
対	対する 反対 絶対
打	打つ 打ち合わせ 打開
投	投げる 投票 投資
突	突然 突く 衝突
倒	倒れる 倒す 面倒
破	破る 破れる 破壊
消	消す 消える 消費
除	掃除 除く 解除
断	断る 判断 横断
治	治る 治す 治療
曲	曲 曲がる 曲げる
演	演奏 講演 出演
舞	舞台 舞う 見舞い
絵	絵 絵本 絵画
因	原因 要因 因果
由	理由 自由 由来
性	性格 女性 性質
状	状態 状況 現状
件	事件 条件 件
平	平和 平ら 平日
和	平和 和食 和室
等	平等 等しい 高等
互	互い 相互 交互
相	相談 相手 相当
他	他 他人 その他
非	非常 非難 是非
否	否定 賛否 否決
然	自然 全然 突然
当	当たる 本当 適当
配	心配 配る 配達
構	構う 結構 構成
積	積む 積極的 面積
付	付く 付ける 受付
速	速い 早速 速度
忙	忙しい 多忙
活	生活 活動 活躍
労	苦労 疲労 労働
存	存在 保存 生存
在	現在 存在 在学
残	残る 残す 残念
余	余る 余裕 余分
欠	欠席 欠点 欠ける
閉	閉める 閉まる 閉じる
放	放送 放す 放る
込	込む 申し込む 振り込む
抱	抱く 抱える 抱負
偶	偶然 偶数 配偶者
偉	偉い 偉大 偉人
様	様子 皆様 同様
皆	皆 皆様 皆無
信	信じる 信号 自信
例	例えば 例 例外
単	簡単 単語 単位
原	原因 原料 原則
種	種類 種 各種
容	内容 容易 美容
交	交通 交換 交差点
利	便利 利用 利益
割	割合 割る 割れる
与	与える 給与 関与
緒	一緒 緒 情緒
号	番号 信号 記号
点	点 欠点 点数
局	郵便局 結局 薬局
際	実際 国際 交際
頂	頂上 頂く 山頂
過	過ぎる 過ごす 過去
程	程度 日程 過程
更	変更 更に 更新
刻	遅刻 時刻 深刻
最	最近 最後 最初
探	探す 探る 探検
捕	捕まえる 捕まる 捕る
処	処理 処分 対処
命	命 命令 生命
球	地球 野球 電球
静	静か 静まる 冷静
煙	煙 禁煙 喫煙
雑	雑誌 複雑 混雑
降	降る 降りる 以降
直	直す 直る 直接
調	調べる 調子 調査
